Cement; Water; NCA; NFA; RCA_P; RFA_P; Silica_Fume; Fly_Ash; RHA_P; Nylon_Fiber; SP; W_C; Agg_Size; Slump; Density; CS_7; CS_28; CS_90; STS; FS; EM; Water_Abs; UPV; Shrinkage; Carb_Depth; Cl_Perm; CO2; Energy; Cost; ACV; Sp_Gravity; Sustainability
400;160;1150;750;0;0;0;0;0;0;4;0.4;20;160;2450;38.5;48.2;55.1;3.8;5.2;34.5;1.1;4.6;220;1.8;1100;350;2400;82;21;2.65;0.88
400;165;862;750;25;0;0;0;0;0;4;0.41;20;145;2420;35.2;45.1;51.4;3.5;4.9;32.8;2.2;4.4;280;2.2;1300;320;2250;78;24;2.58;0.9
400;170;575;750;50;0;0;0;0;0;4.5;0.43;20;130;2380;31.4;41.2;47.8;3.2;4.5;30.1;3.5;4.1;340;2.6;1550;290;2050;74;27;2.52;0.92
400;175;287;750;75;0;0;0;0;0;5;0.44;20;115;2340;28.5;37.5;43.2;2.8;4.1;27.5;4.8;3.9;410;3.1;1800;260;1850;70;30;2.45;0.95
400;180;0;750;100;0;0;0;0;0;5.5;0.45;20;100;2310;25.1;34.2;39.5;2.5;3.8;25.2;5.9;3.7;480;3.6;2100;230;1700;65;33;2.4;0.98
450;155;1100;700;0;0;25;0;0;0;5;0.34;20;180;2480;45.2;58.4;65.2;4.5;6.5;37.2;0.9;4.8;190;1.5;950;420;2800;95;21;2.67;0.82
450;160;825;700;25;0;25;0;0;0;5;0.36;20;165;2440;41.5;54.1;60.8;4.2;6.1;35.4;1.8;4.6;240;1.9;1150;385;2600;90;24;2.6;0.85
450;165;550;700;50;0;25;0;0;0;5.5;0.37;20;150;2400;37.8;50.2;56.4;3.9;5.7;33.1;2.9;4.3;300;2.3;1350;345;2400;85;27;2.54;0.88
380;170;1100;375;0;50;0;50;0;0;3.5;0.45;20;120;2380;30.5;40.1;46.5;3.1;4.4;28.5;3.1;4.2;350;2.4;1400;310;2100;72;22;2.65;0.91
500;145;1050;650;0;0;50;0;0;0;7;0.29;10;190;2500;55.1;72.4;81.5;5.4;7.8;40.1;0.7;5;170;1.3;800;480;3100;120;20;2.68;0.78
420;175;1080;350;0;50;0;0;0;0;4;0.42;20;130;2400;32.4;42.5;49.2;3.4;4.8;31.2;3.2;4.3;360;2.5;1500;330;2300;76;22;2.62;0.89
420;180;1080;0;0;100;0;0;0;0;4.5;0.43;20;110;2360;28.1;38.4;44.1;2.9;4.2;28.5;4.5;4;420;3.2;1850;295;2100;70;22;2.59;0.93
480;150;1050;680;30;0;40;0;0;0;6;0.31;20;170;2460;48.5;62.1;70.5;4.8;6.8;36.5;1.2;4.7;210;1.7;1000;410;2700;105;25;2.64;0.83
480;155;735;680;30;30;40;0;0;0;6.5;0.32;20;155;2420;44.2;57.8;65.2;4.4;6.3;34.8;2.1;4.5;270;2.1;1250;370;2550;98;25;2.57;0.86
380;170;1120;720;0;0;0;100;0;0;3.5;0.45;20;140;2410;28.4;39.5;46.2;3.2;4.6;29.4;2.5;4.4;310;2.3;1300;300;2000;72;21;2.65;0.9
380;175;840;720;25;0;0;100;0;0;3.5;0.46;20;125;2370;25.1;35.2;41.8;2.8;4.1;27.1;3.8;4.1;380;2.8;1550;270;1850;68;24;2.58;0.92
430;193;0;645;100;0;0;0;10;0;0;0.45;20;95;2320;22.1;32.6;38.2;2.6;3.9;24.8;5.2;3.8;510;3.8;2200;220;1650;60;33;2.38;0.99
430;193;0;645;100;0;0;0;10;0.1;0;0.45;20;90;2325;24.5;34.1;40.1;3.1;4.5;26.2;5.1;3.9;490;3.6;2150;222;1680;63;33;2.38;0.97
430;193;0;645;100;0;0;0;10;0.2;0;0.45;20;85;2330;26.8;37.2;42.5;3.4;4.9;27.5;4.9;4;470;3.4;2050;225;1710;66;33;2.38;0.95
430;193;0;645;100;0;0;0;10;0.35;0;0.45;20;80;2335;25.4;35.4;40.8;3.2;4.7;26.9;5;3.9;485;3.5;2100;228;1740;69;33;2.38;0.96
460;165;1100;700;50;0;23;0;0;0;5;0.36;20;150;2430;40.2;52.4;59.1;4.1;5.8;34.2;2.4;4.5;290;2.2;1250;360;2500;92;27;2.54;0.86
460;165;1100;700;50;0;46;0;0;0;5.5;0.36;20;140;2440;42.8;55.1;62.5;4.3;6.2;35.5;2.1;4.6;270;2;1150;380;2650;98;27;2.54;0.84
460;165;1100;700;50;0;69;0;0;0;6;0.36;20;135;2450;45.1;58.5;66.2;4.6;6.6;37.1;1.8;4.7;240;1.8;1000;400;2800;104;27;2.54;0.82
460;165;1100;700;50;0;92;0;0;0;6.5;0.36;20;120;2465;43.2;56.4;63.1;4.4;6.4;36.2;1.9;4.6;255;1.9;1100;420;2950;110;27;2.54;0.83
460;165;1100;700;50;0;115;0;0;0;7;0.36;20;110;2480;41.5;53.8;60.2;4.2;6.1;34.8;2;4.5;280;2.1;1200;440;3100;116;27;2.54;0.85
410;185;550;360;50;50;0;0;0;0;4;0.45;20;120;2360;26.4;36.5;42.1;2.8;4.1;27.2;4.5;4;430;3.3;1800;285;1950;72;27;2.48;0.94
410;185;550;360;50;50;30;0;0;0;5;0.45;20;135;2390;32.1;43.2;50.4;3.5;5.1;30.4;3.1;4.3;340;2.6;1450;320;2200;88;27;2.52;0.89
350;160;1200;780;0;0;0;0;0;0;3;0.46;20;170;2430;28.5;38.2;44.5;3.2;4.6;29.1;1.5;4.5;260;2.1;1350;310;2100;78;21;2.65;0.9
350;165;900;780;25;0;0;0;0;0;3;0.47;20;155;2390;25.2;34.5;40.1;2.8;4.2;27.4;2.8;4.3;320;2.5;1550;285;1950;74;24;2.58;0.92
350;170;600;780;50;0;0;0;0;0;3.5;0.49;20;140;2350;22.4;31.2;36.5;2.5;3.8;25.1;3.9;4.1;390;2.9;1800;260;1800;70;27;2.52;0.95
350;175;300;780;75;0;0;0;0;0;4;0.5;20;125;2310;19.8;28.4;33.1;2.2;3.4;23.4;4.9;3.8;460;3.4;2100;235;1650;66;30;2.45;0.97
350;180;0;780;100;0;0;0;0;0;4.5;0.51;20;110;2280;17.2;25.1;29.4;1.9;3.1;21.2;5.8;3.6;540;3.9;2450;210;1500;62;33;2.4;0.99
480;145;1080;660;0;0;70;0;0;0;7;0.3;10;200;2510;54.2;70.5;78.2;5.2;7.5;39.8;0.8;4.9;180;1.4;850;460;3000;115;20;2.68;0.79
480;150;810;660;25;0;70;0;0;0;7;0.31;10;185;2470;50.1;65.2;72.4;4.9;7.1;37.5;1.5;4.7;230;1.8;1050;425;2800;110;23;2.62;0.82
480;155;540;660;50;0;70;0;0;0;7.5;0.32;10;170;2430;46.2;60.1;67.5;4.5;6.6;35.2;2.2;4.5;290;2.1;1200;390;2600;105;26;2.55;0.85
480;160;270;660;75;0;70;0;0;0;8;0.33;10;155;2390;42.4;55.8;62.4;4.1;6.2;33.1;3.1;4.3;350;2.5;1450;355;2400;100;29;2.48;0.88
480;165;0;660;100;0;70;0;0;0;8.5;0.34;10;140;2350;38.5;51.2;57.8;3.8;5.8;31.2;4.2;4.1;420;3;1750;320;2200;95;32;2.42;0.91
400;170;1100;720;0;25;0;0;0;0;4;0.43;20;150;2420;34.2;44.5;51.2;3.5;4.9;32.5;2.4;4.4;290;2.2;1350;335;2350;80;21;2.64;0.89
400;175;1100;720;0;50;0;0;0;0;4.5;0.44;20;135;2390;30.8;40.2;46.5;3.2;4.5;30.1;3.6;4.2;360;2.6;1550;310;2150;76;21;2.61;0.92
400;180;1100;720;0;75;0;0;0;0;5;0.45;20;120;2360;27.5;36.4;42.1;2.8;4.1;27.8;4.9;3.9;430;3.1;1850;285;1950;72;21;2.58;0.95
400;185;1100;720;0;100;0;0;0;0;5.5;0.46;20;105;2330;24.2;32.1;37.4;2.5;3.7;25.4;6.2;3.7;510;3.6;2200;260;1750;68;21;2.55;0.98
440;160;1120;680;20;20;35;0;0;0;5.5;0.36;20;165;2450;43.5;56.8;64.2;4.4;6.3;35.8;1.6;4.7;230;1.9;1050;405;2750;102;24;2.61;0.84
440;165;840;680;40;20;35;0;0;0;6;0.38;20;150;2410;39.1;51.2;58.4;4;5.8;33.5;2.5;4.5;290;2.3;1250;370;2500;96;26;2.55;0.87
390;172;1100;740;0;0;0;80;0;0;3.5;0.44;20;135;2400;29.8;41.2;48.1;3.3;4.8;30.5;2.6;4.3;330;2.4;1400;305;2050;74;21;2.65;0.91
420;165;1080;710;30;0;50;0;0;0;5;0.39;20;160;2440;40.1;52.5;59.8;4.2;5.9;34.8;2;4.6;260;2.1;1150;385;2600;98;24;2.6;0.86
450;158;1100;690;0;0;0;120;0;0;5.5;0.35;20;175;2470;41.5;54.2;61.4;4.3;6.2;35.2;1.3;4.7;220;1.8;1050;390;2700;92;21;2.65;0.85
450;163;825;690;25;0;0;120;0;0;5.5;0.36;20;160;2430;37.8;50.1;56.8;4;5.8;33.1;2.1;4.5;280;2.1;1250;355;2500;88;24;2.58;0.88
360;185;1150;760;0;50;0;60;0;0;3.5;0.51;20;115;2340;24.1;33.5;39.2;2.7;4;26.4;4.2;3.9;450;3.3;1900;275;1800;68;22;2.65;0.94
470;148;1070;640;0;0;80;0;0;0;7.5;0.31;10;195;2520;56.8;74.2;83.5;5.6;8.1;41.5;0.7;5.1;160;1.2;750;490;3200;125;20;2.68;0.77
500;152;787;640;25;0;80;0;0;0;8;0.3;10;180;2480;52.5;69.1;77.8;5.3;7.6;39.1;1.4;4.9;210;1.6;950;455;3000;120;23;2.62;0.8
400;180;1100;0;0;100;0;0;0;0;4;0.45;20;110;2350;26.5;35.4;41.2;2.9;4.2;28.4;4.2;4.1;410;3.1;1850;290;2050;72;22;2.6;0.92
400;180;1100;0;0;100;0;50;0;0;4;0.45;20;125;2380;31.2;42.1;48.5;3.5;4.9;31.5;3.1;4.3;340;2.5;1450;315;2200;85;22;2.62;0.88
400;180;1100;0;0;100;50;0;0;0;4.5;0.45;20;140;2410;36.5;48.4;55.2;4;5.6;34.2;2.1;4.5;270;1.9;1150;350;2450;95;22;2.64;0.84
420;165;850;550;25;25;0;0;0;0;5;0.39;20;150;2420;38.4;50.1;57.5;4.1;5.8;33.8;2.2;4.4;285;2.1;1200;340;2350;88;25;2.58;0.87
420;165;850;550;25;25;30;0;0;0;5.5;0.39;20;140;2440;41.5;53.8;61.4;4.4;6.2;35.5;1.9;4.6;250;1.8;1050;365;2550;96;25;2.58;0.84
330;175;1150;760;0;0;0;100;0;0;3;0.53;20;155;2380;22.1;31.5;38.4;2.6;3.8;25.4;2.8;4.2;330;2.5;1400;270;1850;68;21;2.65;0.92
330;175;800;760;30;0;0;100;0;0;3;0.53;20;140;2340;19.5;28.2;34.1;2.3;3.4;23.1;3.9;4;390;3.1;1700;245;1700;64;24;2.57;0.95
330;175;575;760;50;0;0;100;0;0;3.5;0.53;20;130;2310;17.2;25.4;31.2;2.1;3.1;21.5;4.8;3.8;450;3.6;1950;220;1550;60;27;2.51;0.97
430;193;0;645;100;0;0;0;10;0.1;0;0.45;20;95;2330;24.8;34.5;40.5;3.1;4.5;26.4;5;3.9;495;3.7;2100;222;1680;63;33;2.38;0.97
430;193;0;645;100;0;0;0;10;0.2;0;0.45;20;90;2335;27.1;37.5;42.8;3.4;4.9;27.8;4.8;4;475;3.5;2050;225;1710;66;33;2.38;0.95
430;193;0;645;100;0;0;0;10;0.35;0;0.45;20;85;2340;25.8;35.8;41.2;3.2;4.7;27.1;4.9;3.9;485;3.6;2150;228;1740;69;33;2.38;0.96
450;155;1100;700;100;0;45;0;0;0;6;0.34;20;120;2420;38.2;50.1;57.4;4;5.8;33.1;3.2;4.3;350;2.6;1450;380;2600;102;33;2.38;0.88
450;155;1100;700;100;0;90;0;0;0;6.5;0.34;20;110;2450;42.5;55.2;62.8;4.4;6.4;35.8;2.5;4.5;290;2.1;1200;420;2850;112;33;2.38;0.84
450;155;1100;700;100;0;135;0;0;0;7;0.34;20;100;2480;45.1;58.4;66.1;4.7;6.8;37.5;1.9;4.7;240;1.8;1050;450;3100;122;33;2.38;0.81
390;170;1100;720;0;50;0;40;0;0;4;0.44;20;135;2390;30.5;40.2;47.1;3.3;4.6;29.8;3.2;4.2;350;2.5;1450;305;2150;75;22;2.62;0.91
390;170;1100;720;50;50;0;40;0;0;4.5;0.44;20;120;2350;26.4;35.8;41.2;2.9;4.1;26.5;4.4;4;410;3.1;1750;270;1950;70;27;2.51;0.94
480;145;1050;650;0;0;50;50;0;0;7;0.3;10;180;2520;58.2;75.4;85.1;5.8;8.4;42.5;0.6;5.2;150;1.1;700;490;3300;130;20;2.68;0.76
480;150;787;650;25;0;50;50;0;0;7.5;0.31;10;165;2480;54.1;70.2;79.5;5.5;7.9;40.1;1.2;5;200;1.4;900;455;3100;124;23;2.62;0.79
350;165;1150;750;0;0;0;0;10;0;3;0.47;20;160;2420;31.2;41.5;48.2;3.4;4.9;30.5;1.6;4.5;250;2;1250;315;2200;82;21;2.65;0.89
350;165;862;750;25;0;0;0;10;0;3;0.47;20;145;2380;28.1;37.4;43.5;3.1;4.5;28.2;2.8;4.3;310;2.4;1450;290;2050;78;24;2.58;0.91
350;165;575;750;50;0;0;0;10;0;3.5;0.47;20;130;2340;25.4;34.1;39.5;2.7;4.1;25.8;3.9;4.1;380;2.8;1700;265;1900;74;27;2.51;0.94
410;180;1100;700;0;0;0;0;0;0.1;4;0.44;20;145;2440;35.2;46.1;53.2;4;5.7;33.1;1.2;4.6;230;1.9;1050;355;2450;86;21;2.65;0.87
410;180;1100;700;0;0;0;0;0;0.2;4;0.44;20;140;2445;36.8;48.2;55.5;4.3;6.2;34.5;1.2;4.6;220;1.8;1000;358;2480;89;21;2.65;0.86
410;180;1100;700;0;0;0;0;0;0.35;4;0.44;20;130;2450;35.9;47.1;54.2;4.5;6.5;33.8;1.2;4.6;225;1.9;1020;362;2510;92;21;2.65;0.86
440;160;896;710;20;0;40;0;0;0;5.5;0.36;20;165;2460;45.2;59.1;67.5;4.6;6.6;36.5;1.5;4.7;220;1.8;1000;410;2800;105;23;2.61;0.82
440;160;560;710;50;0;40;0;0;0;5.5;0.36;20;150;2420;41.5;54.2;62.1;4.2;6.1;34.1;2.4;4.5;280;2.2;1200;375;2600;98;26;2.55;0.85
440;160;0;710;100;0;40;0;0;0;6;0.36;20;135;2380;37.8;49.5;56.4;3.9;5.7;31.8;3.5;4.3;350;2.6;1450;335;2350;92;32;2.42;0.89
380;175;1120;720;0;0;0;0;20;0;3.5;0.46;20;150;2410;29.4;39.8;46.5;3.3;4.7;29.5;1.8;4.4;260;2.1;1300;295;2050;76;21;2.65;0.9
380;175;560;720;50;0;0;0;20;0;4;0.46;20;130;2370;26.1;35.2;41.4;2.9;4.2;26.8;3.2;4.2;340;2.7;1550;260;1850;72;27;2.51;0.94
460;158;1100;700;0;0;30;60;0;0;5.5;0.34;20;170;2480;44.2;57.5;65.1;4.6;6.5;36.8;1.1;4.8;200;1.6;900;415;2850;105;21;2.65;0.82
460;158;825;700;25;0;30;60;0;0;5.5;0.34;20;155;2440;40.5;53.2;60.5;4.2;6.1;34.5;1.9;4.6;250;1.9;1100;380;2650;100;24;2.58;0.85
460;158;550;700;50;0;30;60;0;0;6;0.34;20;140;2400;36.8;49.1;55.8;3.9;5.7;32.2;2.9;4.4;310;2.3;1300;345;2450;95;27;2.51;0.88
320;180;1150;780;0;0;0;80;0;0.1;2.5;0.56;20;130;2360;20.5;29.4;35.8;2.8;4.1;24.5;3.1;4.1;380;2.8;1500;250;1750;65;21;2.65;0.93
320;180;1150;780;0;0;0;80;0;0.2;2.5;0.56;20;125;2365;22.1;31.5;38.2;3.1;4.4;25.8;3;4.2;360;2.6;1450;252;1780;68;21;2.65;0.91
470;145;1080;650;20;20;50;0;0;0;7;0.31;10;185;2500;52.4;69.5;78.2;5.2;7.5;39.1;1.1;4.9;210;1.6;900;440;3000;115;24;2.6;0.8
470;145;756;650;50;20;50;0;0;0;7.5;0.31;10;170;2460;48.2;64.1;72.4;4.8;7.1;36.8;1.9;4.7;270;2;1100;405;2800;110;26;2.55;0.83
470;145;0;650;100;20;50;0;0;0;8;0.31;10;155;2420;44.5;59.2;67.1;4.4;6.6;34.5;2.9;4.5;340;2.5;1350;370;2600;105;32;2.42;0.86
380;165;1120;730;0;50;30;0;0;0.1;4;0.43;20;140;2410;32.4;43.5;50.1;3.7;5.2;31.2;2.4;4.3;310;2.3;1300;320;2250;85;22;2.62;0.89
380;165;1120;730;0;50;30;0;0;0.2;4;0.43;20;135;2415;34.1;45.8;52.5;4.1;5.6;32.5;2.3;4.3;300;2.2;1250;323;2280;88;22;2.62;0.88
380;165;1120;730;0;50;30;0;0;0.35;4;0.43;20;125;2420;33.2;44.5;51.1;4.3;5.9;31.8;2.3;4.3;305;2.2;1280;326;2310;91;22;2.62;0.88
500;150;1050;660;0;0;60;0;0;0;7.5;0.3;10;190;2510;56.8;74.1;83.4;5.5;8.1;41.5;0.7;5.1;160;1.2;750;495;3200;128;20;2.68;0.77
500;150;787;660;25;0;60;0;0;0;8;0.3;10;175;2470;52.5;69.2;77.8;5.2;7.6;39.1;1.4;4.9;210;1.6;950;460;3000;122;23;2.62;0.8
340;185;1180;770;0;0;0;120;0;0;3;0.54;20;150;2410;24.2;33.5;40.1;2.8;4.1;26.5;2.1;4.4;310;2.3;1300;310;2200;82;21;2.65;0.91
340;185;885;770;25;0;0;120;0;0;3;0.54;20;135;2370;21.5;30.2;36.4;2.5;3.8;24.2;3.1;4.2;380;2.8;1550;285;2050;78;24;2.58;0.93
420;170;1080;720;50;50;40;0;0;0;5;0.4;20;130;2380;31.5;42.4;49.2;3.5;4.9;29.5;3.6;4.1;410;3.1;1700;335;2350;92;27;2.51;0.91
420;170;1080;720;50;50;40;0;10;0;5;0.4;20;125;2390;34.2;45.8;52.5;3.9;5.4;31.2;3.2;4.3;370;2.7;1550;345;2450;98;27;2.51;0.89
420;170;1080;720;50;50;40;0;20;0;5.5;0.4;20;115;2400;32.8;44.1;51.2;3.7;5.2;30.4;3.4;4.2;390;2.9;1650;355;2550;104;27;2.51;0.89
450;155;1100;700;0;50;45;45;0;0;6;0.34;20;145;2450;43.8;57.1;64.8;4.5;6.4;36.4;1.4;4.7;240;1.9;1050;410;2800;108;22;2.62;0.83
450;155;825;700;25;50;45;45;0;0;6;0.34;20;130;2410;40.1;53.2;60.2;4.2;5.9;34.1;2.2;4.5;290;2.2;1200;385;2650;102;25;2.55;0.86
450;155;550;700;50;50;45;45;0;0;6.5;0.34;20;120;2370;36.4;49.1;55.8;3.9;5.6;31.8;3.1;4.3;350;2.6;1400;360;2500;96;28;2.48;0.89
450;155;0;700;100;0;45;0;0;0;6;0.34;20;115;2380;36.4;48.2;55.1;3.8;5.5;31.2;3.5;4.2;360;2.8;1500;340;2400;92;33;2.42;0.88
450;155;0;700;100;0;90;0;0;0;6.5;0.34;20;105;2410;40.1;53.4;60.5;4.2;6.1;33.5;2.8;4.4;310;2.4;1300;380;2650;102;33;2.42;0.85
450;155;0;700;100;0;135;0;0;0;7;0.34;20;95;2440;43.2;56.5;64.2;4.5;6.5;35.2;2.2;4.6;260;2.1;1150;420;2900;112;33;2.42;0.82
380;175;550;730;50;0;0;60;0;0;3.5;0.46;20;140;2370;25.4;35.1;41.2;2.9;4.2;27.1;3.8;4.1;390;2.9;1600;285;1900;72;27;2.54;0.92
380;175;550;730;50;0;30;60;0;0;4.5;0.46;20;130;2400;31.2;42.5;49.1;3.5;5.1;30.2;3.1;4.3;340;2.5;1450;320;2200;88;27;2.54;0.89
430;193;0;645;100;0;0;0;10;0.1;0;0.45;20;95;2325;24.1;33.5;39.2;3.1;4.5;26.5;5.1;3.9;490;3.6;2150;222;1680;63;33;2.38;0.97
430;193;0;645;100;0;0;0;10;0.2;0;0.45;20;90;2330;26.5;36.8;42.1;3.4;4.9;27.8;4.9;4;470;3.4;2050;225;1710;66;33;2.38;0.95
430;193;0;645;100;0;0;0;10;0.35;0;0.45;20;85;2335;25.2;35.1;40.5;3.2;4.7;27.1;5;3.9;485;3.5;2100;228;1740;69;33;2.38;0.96
400;165;1100;720;0;0;20;0;0;0;4.5;0.41;10;170;2450;40.1;51.2;58.4;4.2;5.9;34.8;1.2;4.7;220;1.8;1100;365;2450;88;21;2.65;0.86
400;165;825;720;25;0;20;0;0;0;4.5;0.41;10;155;2410;36.5;47.1;53.8;3.9;5.5;32.4;1.9;4.5;270;2.1;1250;335;2250;82;24;2.58;0.89
400;165;550;720;50;0;20;0;0;0;5;0.41;10;140;2370;32.4;43.2;49.5;3.5;5.1;30.1;2.8;4.3;330;2.5;1450;305;2050;76;27;2.52;0.92
360;180;1150;770;0;0;0;0;0;0.1;3;0.5;20;135;2435;29.5;39.4;45.8;3.5;4.9;30.5;1.8;4.4;280;2.2;1350;320;2150;82;21;2.65;0.89
360;180;1150;770;0;0;0;0;0;0.2;3;0.5;20;130;2440;31.2;41.5;48.2;3.8;5.4;31.8;1.7;4.4;270;2.1;1300;323;2180;85;21;2.65;0.88
360;180;1150;770;0;0;0;0;0;0.35;3;0.5;20;120;2445;30.4;40.8;47.1;4.1;5.8;31.2;1.7;4.4;275;2.1;1320;326;2210;88;21;2.65;0.88
480;150;1050;680;0;0;40;40;0;0;6.5;0.31;10;185;2500;54.1;70.2;79.5;5.4;7.8;40.5;0.8;5;170;1.3;850;450;3000;115;20;2.68;0.79
480;150;787;680;25;0;40;40;0;0;7;0.31;10;170;2460;50.2;65.1;73.4;5.1;7.4;38.2;1.4;4.8;220;1.6;1000;415;2800;110;23;2.62;0.82
480;150;525;680;50;0;40;40;0;0;7.5;0.31;10;155;2420;46.5;60.4;68.2;4.7;6.9;36.1;2.1;4.6;280;2;1150;380;2600;105;26;2.55;0.85
420;168;1100;700;40;0;25;0;10;0;4.5;0.4;20;145;2410;38.4;49.2;56.5;3.9;5.5;32.8;2.2;4.4;290;2.3;1300;360;2450;92;26;2.56;0.87
420;168;1100;700;40;0;25;0;20;0;5;0.4;20;135;2420;36.5;47.8;54.2;3.7;5.2;31.5;2.5;4.3;310;2.4;1400;370;2550;98;26;2.56;0.87
350;185;1150;780;0;50;0;100;0;0;3;0.53;20;120;2330;22.1;31.4;38.1;2.6;3.8;25.4;4.1;3.9;440;3.2;1850;260;1750;65;22;2.65;0.95
350;185;1150;780;0;50;30;100;0;0;4;0.53;20;135;2360;27.8;38.5;45.2;3.2;4.6;28.2;3.2;4.1;380;2.7;1600;295;2000;82;22;2.62;0.91
460;152;1100;690;0;0;0;0;20;0.1;5.5;0.33;20;160;2460;42.5;55.1;62.4;4.4;6.3;35.4;1.4;4.7;230;1.9;1050;395;2650;95;21;2.65;0.84
460;152;1100;690;0;0;0;0;20;0.2;5.5;0.33;20;155;2465;44.2;57.5;65.1;4.8;6.8;36.8;1.3;4.7;220;1.8;1000;398;2680;98;21;2.65;0.83
460;152;1100;690;0;0;0;0;20;0.35;5.5;0.33;20;145;2470;43.4;56.8;64.2;5.1;7.1;36.1;1.4;4.7;225;1.9;1020;402;2710;101;21;2.65;0.83
330;178;1180;750;0;25;0;0;0;0;2.5;0.54;20;140;2400;24.5;33.8;40.1;2.8;4.1;26.8;2.5;4.3;340;2.6;1450;285;1950;72;21;2.63;0.92
330;178;1180;750;50;25;0;0;0;0;3;0.54;20;125;2360;20.8;29.5;35.4;2.5;3.7;24.1;3.8;4.1;410;3.1;1700;250;1750;68;26;2.51;0.95
330;178;1180;750;100;25;0;0;0;0;3.5;0.54;20;110;2320;17.4;25.8;31.2;2.2;3.3;21.8;4.9;3.8;490;3.6;1950;215;1550;62;32;2.38;0.98
440;165;1100;710;20;20;40;40;0;0;5.5;0.38;20;150;2440;42.1;55.2;62.8;4.3;6.2;35.1;1.8;4.6;240;2;1150;385;2650;105;24;2.6;0.85
440;165;880;710;40;20;40;40;0;0;6;0.38;20;135;2400;38.4;51.1;58.4;4;5.8;33.2;2.5;4.4;290;2.4;1300;350;2450;100;26;2.54;0.88
390;172;1120;740;0;50;0;0;20;0.1;4;0.44;20;135;2390;30.5;40.1;46.5;3.4;4.8;29.5;3.1;4.2;360;2.7;1500;310;2100;82;22;2.62;0.91
390;172;1120;740;0;50;0;0;20;0.2;4;0.44;20;130;2395;32.2;42.5;48.8;3.7;5.2;30.8;3;4.2;350;2.6;1450;313;2130;85;22;2.62;0.9
390;172;1120;740;0;50;0;0;20;0.35;4;0.44;20;120;2400;31.4;41.2;47.5;3.9;5.5;30.1;3.1;4.2;355;2.7;1480;316;2160;88;22;2.62;0.9
470;148;1070;640;100;0;80;40;0;0;7.5;0.31;10;140;2420;44.2;58.5;66.1;4.6;6.6;34.5;2.9;4.4;320;2.4;1300;410;2700;118;33;2.42;0.85
470;148;1070;640;100;50;80;40;0;0;8;0.31;10;120;2380;39.5;52.8;60.2;4.1;6.1;31.8;3.8;4.2;390;2.9;1550;370;2500;112;33;2.35;0.89
500;150;1050;660;0;100;60;60;0;0;8;0.3;10;150;2410;48.1;64.2;73.1;4.8;7.1;35.4;3.2;4.3;340;2.6;1350;430;2850;125;22;2.58;0.85
340;185;1180;770;0;0;0;120;10;0.1;3.5;0.54;20;140;2390;26.4;36.5;43.2;3.1;4.5;28.2;2.5;4.3;340;2.6;1400;315;2200;85;21;2.65;0.91
340;185;1180;770;0;0;0;120;10;0.2;3.5;0.54;20;135;2395;28.2;38.8;45.5;3.4;4.9;29.5;2.4;4.3;330;2.5;1350;318;2230;88;21;2.65;0.9
340;185;1180;770;0;0;0;120;10;0.35;3.5;0.54;20;125;2400;27.5;37.1;44.1;3.6;5.2;28.8;2.5;4.3;335;2.6;1380;321;2260;91;21;2.65;0.9
420;170;1080;720;25;25;40;40;20;0;5.5;0.4;20;145;2410;38.5;50.1;57.2;4.2;5.9;33.1;2.1;4.5;280;2.2;1200;365;2500;98;25;2.57;0.87
420;170;1080;720;50;50;40;40;20;0;6;0.4;20;125;2360;32.4;43.5;50.1;3.7;5.2;30.2;3.2;4.2;360;2.7;1450;325;2250;92;28;2.48;0.91
450;155;1100;700;75;0;45;45;10;0;6.5;0.34;20;125;2400;40.2;53.4;60.5;4.2;6.1;33.5;2.8;4.4;310;2.4;1300;380;2600;105;30;2.45;0.86
450;155;0;700;100;100;45;45;10;0;7;0.34;20;105;2350;34.5;46.8;53.2;3.7;5.4;30.1;3.9;4.1;410;3.1;1650;330;2350;95;33;2.32;0.91
410;175;1050;710;0;0;0;50;10;0.1;4.5;0.43;20;145;2430;36.5;48.2;55.4;4.1;5.8;33.2;1.6;4.6;240;2;1100;365;2500;92;21;2.65;0.86
410;175;1050;710;50;0;0;50;10;0.1;5;0.43;20;125;2380;32.1;43.4;50.1;3.6;5.1;30.5;2.8;4.4;310;2.4;1350;330;2250;86;27;2.52;0.9
370;180;1120;750;0;50;25;25;10;0.2;3.5;0.49;20;135;2390;30.4;41.2;47.8;3.7;5.2;29.8;2.9;4.2;340;2.6;1450;320;2200;85;22;2.62;0.9
370;180;1120;750;100;50;25;25;10;0.2;4;0.49;20;115;2350;26.5;36.4;42.5;3.2;4.6;27.1;3.8;4;410;3.1;1700;285;2000;78;32;2.4;0.94
460;150;1080;680;30;30;50;50;15;0;7;0.33;10;170;2480;51.2;67.4;75.8;5.2;7.5;38.5;1.1;4.9;200;1.5;950;440;2950;118;25;2.58;0.81
460;150;1080;680;75;30;50;50;15;0;7.5;0.33;10;150;2440;46.8;61.5;69.2;4.8;6.9;36.2;1.9;4.7;260;1.9;1100;405;2750;112;28;2.51;0.84
460;150;1080;680;100;30;50;50;15;0;8;0.33;10;135;2410;43.2;57.1;64.5;4.5;6.5;34.5;2.5;4.5;310;2.3;1250;380;2600;108;32;2.44;0.86
320;185;1150;780;0;0;0;100;20;0.35;3;0.58;20;110;2370;22.1;31.2;37.8;3.2;4.6;26.1;2.8;4.1;360;2.7;1400;285;2000;74;21;2.65;0.91
520;145;1020;640;0;0;50;0;0;0;8;0.28;10;210;2530;62.1;78.5;88.4;5.9;8.5;43.2;0.6;5.2;140;1.1;650;510;3400;135;20;2.69;0.75
520;145;765;640;25;0;50;0;0;0;8;0.28;10;195;2490;58.4;74.2;83.1;5.5;8.1;41.2;1.2;5;180;1.3;800;475;3200;128;23;2.63;0.78
520;145;510;640;50;0;50;0;0;0;8.5;0.28;10;180;2450;54.1;69.5;78.2;5.1;7.6;39.1;1.9;4.8;230;1.6;1050;440;3000;122;26;2.56;0.81
360;175;1150;730;0;50;0;60;10;0.1;3.5;0.49;20;135;2380;28.5;38.4;45.2;3.4;4.8;29.5;3.1;4.2;360;2.7;1450;290;2050;78;22;2.62;0.91
360;175;1150;730;50;50;0;60;10;0.1;4;0.49;20;120;2340;24.2;34.1;40.1;2.9;4.2;26.8;4.1;4;430;3.3;1750;265;1850;74;28;2.5;0.94
480;158;1050;660;30;0;70;0;0;0;7;0.33;20;165;2460;46.5;59.2;68.4;4.6;6.5;35.8;1.8;4.6;260;1.9;1150;430;2850;110;25;2.61;0.83
430;193;0;645;100;0;0;0;10;0.1;0;0.45;20;95;2320;23.8;33.2;38.8;3.1;4.5;26.4;5.2;3.8;495;3.7;2150;222;1680;63;33;2.38;0.97
430;193;0;645;100;0;0;0;10;0.2;0;0.45;20;90;2330;26.2;36.5;41.8;3.4;4.9;27.5;5;3.9;475;3.5;2050;225;1710;66;33;2.38;0.95
400;160;1100;740;0;0;30;0;0;0;5;0.4;10;180;2460;42.4;54.1;62.1;4.4;6.2;36.1;1.1;4.8;210;1.7;1000;380;2600;95;21;2.65;0.85
400;160;825;740;25;0;30;0;0;0;5;0.4;10;165;2420;38.5;50.2;57.4;4.1;5.8;33.5;1.7;4.6;250;2;1150;355;2400;90;24;2.58;0.88
400;160;550;740;50;0;30;0;0;0;5.5;0.4;10;150;2380;34.2;46.1;53.2;3.8;5.4;31.2;2.5;4.4;310;2.3;1350;325;2200;85;27;2.52;0.91
440;155;1080;680;0;0;40;40;10;0;6;0.35;20;170;2480;48.5;62.4;70.1;4.9;7.1;37.5;1.2;4.8;210;1.7;1000;410;2700;105;21;2.65;0.82
440;155;810;680;25;0;40;40;10;0;6;0.35;20;155;2440;44.2;58.1;65.2;4.5;6.6;35.1;2;4.6;260;2.1;1200;380;2500;100;24;2.58;0.85
440;155;540;680;50;0;40;40;10;0;6.5;0.35;20;140;2400;40.1;53.5;60.1;4.1;6.1;32.8;2.9;4.4;320;2.5;1350;350;2300;95;27;2.51;0.88
320;185;1150;780;0;100;0;80;0;0;3;0.58;20;110;2320;19.2;27.5;33.1;2.4;3.5;22.8;4.5;3.8;460;3.4;1950;240;1650;62;22;2.61;0.96
320;185;1150;780;100;100;30;80;0;0;4;0.58;20;100;2340;25.4;35.2;42.1;3.1;4.4;26.2;3.6;4.1;390;2.8;1550;275;1900;78;33;2.42;0.92
410;178;1100;710;0;0;0;50;15;0.2;4.5;0.43;20;140;2440;38.1;50.4;58.2;4.5;6.5;34.5;1.4;4.6;220;1.8;1000;370;2550;94;21;2.65;0.85
410;178;1100;710;50;0;0;50;15;0.2;5;0.43;20;125;2390;34.5;45.8;52.4;4.1;5.9;31.8;2.5;4.4;290;2.3;1250;335;2300;88;27;2.52;0.89
370;182;1120;740;0;50;25;25;20;0.35;3.5;0.49;20;120;2410;32.4;43.2;50.1;4.8;6.8;31.2;2.6;4.3;310;2.4;1300;330;2300;90;22;2.62;0.89
370;182;1120;740;100;50;25;25;20;0.35;4;0.49;20;105;2370;28.5;38.5;45.4;4.2;5.8;28.5;3.5;4.1;380;2.9;1550;305;2100;84;33;2.38;0.93
460;148;1080;680;0;25;50;50;0;0;7;0.32;10;185;2510;56.2;73.5;82.4;5.4;7.9;41.2;0.8;5.1;160;1.3;800;450;3050;118;21;2.65;0.78
460;148;1080;680;50;25;50;50;0;0;7.5;0.32;10;170;2470;51.8;68.2;76.5;5.1;7.4;38.8;1.4;4.9;210;1.6;950;415;2850;112;26;2.55;0.81
330;175;1200;760;0;0;0;0;10;0.1;2.5;0.53;20;150;2420;29.4;40.1;47.2;3.4;4.8;30.2;1.8;4.5;270;2.1;1300;310;2150;76;21;2.65;0.89
330;175;1200;760;50;0;0;0;10;0.1;3;0.53;20;135;2380;25.8;35.2;41.8;3.1;4.4;27.5;3.1;4.3;340;2.6;1550;285;1950;72;27;2.51;0.92
330;175;1200;760;100;0;0;0;10;0.1;3.5;0.53;20;120;2340;22.1;31.4;37.2;2.8;4.1;24.8;4.5;4;420;3.2;1850;260;1750;68;33;2.38;0.95
420;165;1100;720;20;20;30;30;10;0.2;5;0.39;20;155;2440;41.5;54.2;62.1;4.4;6.2;34.8;1.9;4.6;260;2;1150;375;2550;100;24;2.59;0.85
420;165;880;720;40;20;30;30;10;0.2;5.5;0.39;20;140;2400;37.8;50.1;57.5;4.1;5.8;32.4;2.6;4.4;320;2.4;1350;350;2350;95;26;2.54;0.88
390;170;1120;740;0;50;0;0;15;0.35;4;0.44;20;125;2410;34.1;45.2;52.4;4.5;6.5;31.8;2.8;4.3;320;2.4;1300;325;2300;88;22;2.62;0.89
390;170;1120;740;100;50;0;0;15;0.35;4.5;0.44;20;110;2370;30.2;40.1;47.1;4.1;5.9;29.2;3.8;4.1;390;2.9;1600;300;2100;82;33;2.38;0.93
470;150;1070;650;50;0;60;60;10;0.1;7;0.32;10;165;2460;49.2;65.1;74.5;5.1;7.4;37.8;1.5;4.8;230;1.8;1050;420;2850;115;26;2.55;0.82
470;150;1070;650;100;0;60;60;10;0.1;7.5;0.32;10;150;2420;45.1;60.2;68.4;4.7;6.9;35.2;2.4;4.6;300;2.3;1250;390;2650;110;32;2.42;0.85
340;180;1180;770;0;0;20;100;10;0.2;3.5;0.53;20;145;2410;30.5;41.2;48.4;3.7;5.4;30.5;2.4;4.4;310;2.4;1350;335;2350;88;21;2.65;0.89
340;180;1180;770;50;0;20;100;10;0.2;4;0.53;20;130;2370;27.1;37.5;44.2;3.3;4.9;28.2;3.4;4.2;380;2.8;1550;310;2150;84;27;2.51;0.92
430;168;1080;720;30;30;40;40;15;0.1;5.5;0.39;20;140;2420;41.2;54.5;62.8;4.4;6.3;34.5;2.1;4.5;290;2.2;1250;385;2600;102;25;2.56;0.86
430;168;1080;720;75;30;40;40;15;0.1;6;0.39;20;125;2380;37.4;50.2;57.1;4;5.8;32.1;3.1;4.3;350;2.6;1400;360;2400;98;29;2.46;0.89
450;152;1100;700;0;100;45;45;20;0.2;6.5;0.34;20;120;2410;42.5;56.1;64.2;4.8;6.8;35.1;2.4;4.5;280;2.2;1200;415;2850;110;22;2.62;0.84
450;152;1100;700;50;100;45;45;20;0.2;7;0.34;20;105;2370;38.2;51.5;58.4;4.4;6.2;32.4;3.2;4.3;350;2.6;1450;385;2650;105;28;2.48;0.88
410;172;1050;710;0;25;20;40;10;0.35;4.5;0.42;20;135;2430;36.4;48.5;56.1;5.1;7.2;33.5;1.7;4.6;240;2;1150;370;2550;96;21;2.63;0.86
410;172;1050;710;100;25;20;40;10;0.35;5;0.42;20;115;2350;28.2;38.1;44.5;4.3;5.9;29.8;3.5;4.1;380;2.9;1550;325;2150;88;33;2.4;0.92
370;185;1120;750;0;0;40;20;10;0.1;3.5;0.5;20;150;2400;31.2;42.4;49.2;3.5;4.9;30.1;2.6;4.3;330;2.5;1400;335;2300;85;21;2.65;0.9
370;185;1120;750;50;0;40;20;10;0.1;4;0.5;20;135;2360;27.5;37.8;43.5;3.2;4.5;27.5;3.4;4.2;390;2.8;1600;310;2100;81;27;2.52;0.93
460;155;1080;680;25;25;30;30;15;0.2;6.5;0.34;10;175;2480;52.4;68.5;77.1;4.9;7.1;38.2;1.3;4.9;220;1.7;1050;425;2900;115;24;2.59;0.81
460;155;1080;680;100;25;30;30;15;0.2;7;0.34;10;155;2410;44.5;58.2;65.4;4.3;6.3;34.8;2.8;4.4;320;2.5;1350;380;2650;108;32;2.42;0.86
320;190;1150;780;0;50;0;120;20;0.35;3;0.59;20;125;2340;24.1;33.5;39.2;3.5;5.1;27.1;3.4;4.1;410;3.1;1700;295;2000;78;22;2.62;0.91
320;190;1150;780;100;50;0;120;20;0.35;3.5;0.59;20;110;2290;20.5;29.1;34.4;3.1;4.6;24.5;4.8;3.9;490;3.6;2150;265;1800;72;33;2.35;0.96
500;142;1000;650;0;0;80;0;0;0;9;0.28;10;220;2540;65.2;82.4;92.5;6.2;8.9;44.5;0.5;5.3;130;1;600;530;3500;140;20;2.69;0.72
500;142;750;650;50;0;80;0;0;0;9.5;0.28;10;190;2460;56.8;73.1;82.1;5.3;7.9;39.5;1.8;4.8;220;1.5;1000;460;3100;125;26;2.55;0.78
420;175;1080;720;0;100;30;0;10;0.1;4.5;0.42;20;145;2360;29.5;39.8;46.5;3.4;4.9;29.1;4.2;3.9;440;3.3;1850;310;2100;76;22;2.58;0.92
420;175;1080;720;100;100;30;0;10;0.1;5;0.42;20;120;2310;24.1;33.4;39.2;2.9;4.2;25.8;5.8;3.6;540;3.9;2450;285;1850;70;33;2.32;0.96
450;165;1100;700;50;50;50;50;15;0.2;6.5;0.37;20;135;2410;38.4;51.2;58.4;4.3;6.2;32.5;2.8;4.4;320;2.4;1300;380;2550;102;28;2.48;0.87
380;185;825;550;25;25;0;0;0;0;3.5;0.49;20;135;2360;26.5;35.4;41.2;3.1;4.4;28.2;3.2;4.2;350;2.6;1450;290;2050;75;22;2.62;0.92
380;185;550;550;50;25;0;0;0;0;4;0.49;20;120;2320;22.1;31.2;37.5;2.7;3.9;25.4;4.1;4;410;3.1;1700;260;1850;71;25;2.54;0.95
380;185;0;550;100;25;0;0;0;0;4.5;0.49;20;105;2280;18.4;26.5;32.1;2.2;3.2;22.1;5.2;3.8;480;3.6;1950;225;1650;66;32;2.41;0.98
430;193;0;645;100;0;0;0;10;0.1;0;0.45;20;95;2320;23.8;33.2;38.8;3.1;4.5;26.4;5.2;3.8;495;3.7;2150;222;1680;63;33;2.38;0.97
430;193;0;645;100;0;0;0;10;0.2;0;0.45;20;90;2330;26.2;36.5;41.8;3.4;4.9;27.5;5;3.9;475;3.5;2050;225;1710;66;33;2.38;0.95
430;193;0;645;100;0;0;0;10;0.35;0;0.45;20;85;2335;25.5;35.8;40.5;3.2;4.7;27.1;5.1;3.9;485;3.6;2100;228;1740;69;33;2.38;0.96
450;158;1050;680;0;0;45;0;20;0;6.5;0.35;20;135;2440;40.5;53.2;60.1;4.2;6.1;33.8;2.1;4.5;280;2.1;1200;385;2650;98;22;2.62;0.84
450;158;1050;680;50;0;45;0;20;0;7;0.35;20;120;2400;36.4;48.5;55.8;3.8;5.5;31.2;3.1;4.3;340;2.5;1400;350;2450;92;27;2.51;0.88
410;175;1050;710;20;20;30;30;15;0.1;5;0.43;20;150;2420;39.1;51.5;59.2;4.3;6.2;34.1;2.1;4.5;270;2.1;1150;370;2500;95;24;2.59;0.85
410;175;1050;710;75;20;30;30;15;0.1;5.5;0.43;20;130;2380;34.5;46.8;54.1;3.8;5.5;31.5;3.1;4.3;330;2.5;1350;340;2300;90;28;2.48;0.89
360;182;1120;740;0;50;20;40;10;0.2;4;0.51;20;140;2390;30.5;41.2;48.4;3.7;5.4;30.5;2.8;4.3;340;2.6;1400;320;2200;86;22;2.62;0.91
360;182;1120;740;100;50;20;40;10;0.2;4.5;0.51;20;120;2330;24.1;33.8;39.5;3.1;4.5;27.1;3.9;4.1;410;3.2;1650;270;1850;75;32;2.41;0.95
480;145;1020;650;40;0;60;0;0;0.1;7.5;0.3;10;185;2500;54.2;71.5;80.4;5.4;7.8;40.5;1.1;5;190;1.4;900;450;3100;125;23;2.62;0.79
480;145;1020;650;80;0;60;0;0;0.1;8;0.3;10;165;2450;48.5;64.2;72.1;4.8;7.1;37.8;2.1;4.7;260;1.9;1150;410;2850;115;28;2.51;0.84
330;185;1150;770;25;25;0;0;20;0.35;3.5;0.56;20;130;2370;28.2;38.5;45.1;4.2;6.1;28.8;3.2;4.2;360;2.7;1450;315;2200;84;24;2.58;0.91
330;185;1150;770;75;25;0;0;20;0.35;4;0.56;20;115;2320;23.5;32.4;38.2;3.7;5.4;26.1;4.2;4;430;3.3;1700;265;1850;72;29;2.45;0.95
440;162;1100;700;50;0;40;40;10;0.2;6;0.37;20;145;2430;42.4;55.1;63.2;4.6;6.6;35.4;1.8;4.7;240;2;1100;390;2700;105;25;2.6;0.85
440;162;1100;700;100;0;40;40;10;0.2;6.5;0.37;20;125;2380;37.1;50.1;57.5;4.1;5.9;32.1;2.9;4.4;310;2.5;1350;345;2450;95;32;2.42;0.89
390;175;1080;730;25;50;0;50;15;0.1;4.5;0.45;20;140;2370;30.2;41.2;48.5;3.5;4.9;29.8;3.1;4.3;340;2.6;1450;310;2200;85;24;2.58;0.92
390;175;1080;730;75;50;0;50;15;0.1;5;0.45;20;120;2320;25.8;34.5;41.2;2.9;4.2;26.5;4.1;4.1;410;3.2;1750;270;1850;74;29;2.45;0.95
460;155;1050;660;30;30;50;0;0;0;6.5;0.34;10;180;2480;52.1;68.4;77.2;5.1;7.4;38.5;1.2;4.9;210;1.7;1000;430;2950;118;25;2.58;0.81
460;155;1050;660;75;30;50;0;0;0;7;0.34;10;160;2430;45.8;61.2;68.5;4.6;6.6;35.2;2.1;4.7;280;2.1;1200;380;2600;108;28;2.5;0.84
340;188;1180;760;0;0;0;100;10;0.2;3.5;0.55;20;145;2400;28.5;39.1;46.2;3.8;5.5;29.5;2.4;4.4;310;2.5;1350;320;2200;85;21;2.65;0.91
340;188;1180;760;50;0;0;100;10;0.2;4;0.55;20;130;2360;24.2;33.5;40.1;3.4;4.9;27.1;3.4;4.2;380;2.9;1550;285;1950;81;27;2.52;0.93
420;168;1050;710;25;25;40;40;20;0;5.5;0.4;20;150;2410;39.4;51.2;58.4;4.2;5.9;33.8;2.1;4.6;270;2.1;1200;370;2550;100;25;2.57;0.87
420;168;1050;710;100;25;40;40;20;0;6;0.4;20;125;2350;31.2;42.4;49.1;3.4;4.8;29.5;3.6;4.3;370;2.8;1450;320;2150;92;32;2.39;0.91
470;148;1070;640;0;100;60;60;10;0.1;7.5;0.31;10;140;2410;48.5;64.2;73.4;4.8;7.1;35.8;3.1;4.4;320;2.4;1300;430;2850;118;22;2.58;0.85
470;148;1070;640;100;100;60;60;10;0.1;8;0.31;10;115;2340;38.1;51.5;59.1;4.1;6.1;31.5;4.2;4.1;420;3.2;1650;360;2450;108;33;2.32;0.91
320;195;1150;780;50;50;0;120;20;0.35;3.5;0.61;20;120;2300;21.5;30.4;35.8;3.2;4.8;25.4;4.2;4;440;3.3;1850;280;1850;74;27;2.51;0.95
320;195;1150;780;100;100;0;120;20;0.35;4;0.61;20;105;2240;16.8;24.1;29.5;2.6;4.1;21.5;5.8;3.7;560;4.1;2400;230;1500;66;33;2.28;0.99
510;148;1000;650;20;0;70;0;0;0;8.5;0.29;10;200;2520;60.5;76.5;86.2;5.7;8.2;42.5;0.8;5.1;160;1.2;750;490;3300;132;22;2.63;0.76
510;148;1000;650;60;0;70;0;0;0;9;0.29;10;180;2450;53.2;69.5;78.5;5;7.5;38.8;1.9;4.8;240;1.7;1100;440;2950;124;27;2.53;0.81
430;172;1080;720;25;50;20;20;15;0.2;5.5;0.4;20;140;2390;36.5;48.5;56.4;4.4;6.3;33.1;2.4;4.5;300;2.2;1300;375;2550;100;24;2.58;0.87
430;172;1080;720;75;50;20;20;15;0.2;6;0.4;20;120;2340;31.2;42.1;49.5;3.8;5.6;29.5;3.6;4.2;380;2.8;1550;335;2250;92;29;2.46;0.91
450;155;1100;700;40;40;40;40;10;0.1;6.5;0.34;20;140;2420;41.8;54.2;62.1;4.4;6.3;34.8;2.1;4.6;260;2;1200;405;2750;105;26;2.56;0.85
450;155;1100;700;90;40;40;40;10;0.1;7;0.34;20;120;2370;36.5;48.1;55.2;3.9;5.7;31.5;3.2;4.3;340;2.5;1400;365;2450;95;31;2.44;0.89
410;178;1050;710;25;0;25;50;15;0.35;5;0.43;20;135;2410;35.2;47.1;54.5;4.9;7.1;32.4;2.1;4.5;280;2.1;1250;360;2450;92;24;2.58;0.87
410;178;1050;710;75;0;25;50;15;0.35;5.5;0.43;20;115;2360;30.5;41.5;48.2;4.4;6.4;29.1;3.4;4.2;360;2.7;1450;320;2150;88;29;2.46;0.91
370;185;1120;750;25;25;40;0;10;0.2;4;0.5;20;140;2380;29.5;39.4;45.1;3.5;4.9;28.5;3.1;4.3;340;2.6;1450;310;2100;81;24;2.58;0.92
370;185;1120;750;75;25;40;0;10;0.2;4.5;0.5;20;120;2330;24.8;33.5;39.2;2.9;4.2;25.8;4.1;4.1;410;3.2;1750;265;1850;75;29;2.45;0.95
460;152;1080;680;40;40;30;30;20;0.1;7;0.33;10;175;2460;50.1;66.2;74.8;5.1;7.4;37.5;1.4;4.9;220;1.8;1100;430;2900;115;26;2.56;0.82
460;152;1080;680;90;40;30;30;20;0.1;7.5;0.33;10;155;2410;44.2;58.5;66.4;4.5;6.5;34.5;2.5;4.6;310;2.4;1300;390;2650;108;31;2.44;0.86
330;185;1150;760;40;40;0;100;10;0.2;4;0.56;20;125;2340;25.4;34.1;40.1;3.6;5.2;27.1;3.6;4.1;390;2.9;1600;285;1900;81;27;2.51;0.94
330;185;1150;760;100;40;0;100;10;0.2;4.5;0.56;20;110;2290;20.1;28.5;34.5;3.1;4.6;24.2;4.8;3.8;490;3.7;1950;235;1600;72;33;2.35;0.98
500;145;1020;640;40;0;80;0;0;0.1;8.5;0.29;10;195;2510;61.2;78.4;88.4;5.9;8.5;43.1;1.1;5.2;170;1.3;800;495;3300;132;23;2.62;0.76
500;145;1020;640;90;0;80;0;0;0.1;9;0.29;10;170;2440;54.2;71.2;80.1;5.1;7.5;38.2;2.4;4.7;260;1.9;1150;440;2950;124;31;2.44;0.82
420;178;1050;720;20;50;40;40;15;0.35;6;0.42;20;130;2380;35.1;46.5;53.2;4.9;7.1;32.4;2.8;4.4;330;2.5;1350;360;2450;96;25;2.56;0.88
420;178;1050;720;80;50;40;40;15;0.35;6.5;0.42;20;110;2310;28.4;38.1;44.5;4.3;6.2;29.1;4.1;4.1;410;3.1;1650;310;2100;88;31;2.41;0.93
450;158;1100;690;30;30;50;50;10;0.2;7;0.35;20;135;2430;42.5;55.1;63.1;4.6;6.6;35.1;2.2;4.7;260;2;1200;410;2800;105;25;2.59;0.85
450;158;1100;690;75;30;50;50;10;0.2;7.5;0.35;20;120;2370;38.4;50.1;57.2;4.1;5.9;32.4;3.1;4.4;330;2.6;1450;370;2500;98;28;2.49;0.88
400;165;1100;720;0;0;20;0;0;0;4.5;0.41;10;170;2450;40.1;51.2;58.4;4.2;5.9;34.8;1.2;4.7;220;1.8;1100;365;2450;88;21;2.65;0.86
400;165;825;720;25;0;20;0;0;0;4.5;0.41;10;155;2410;36.5;47.1;53.8;3.9;5.5;32.4;1.9;4.5;270;2.1;1250;335;2250;82;24;2.58;0.89
400;165;550;720;50;0;20;0;0;0;5;0.41;10;140;2370;32.4;43.2;49.5;3.5;5.1;30.1;2.8;4.3;330;2.5;1450;305;2050;76;27;2.52;0.92
360;180;1150;770;0;0;0;0;0;0.1;3;0.5;20;135;2435;29.5;39.4;45.8;3.5;4.9;30.5;1.8;4.4;280;2.2;1350;320;2150;82;21;2.65;0.89
360;180;1150;770;0;0;0;0;0;0.2;3;0.5;20;130;2440;31.2;41.5;48.2;3.8;5.4;31.8;1.7;4.4;270;2.1;1300;323;2180;85;21;2.65;0.88
360;180;1150;770;0;0;0;0;0;0.35;3;0.5;20;120;2445;30.4;40.8;47.1;4.1;5.8;31.2;1.7;4.4;275;2.1;1320;326;2210;88;21;2.65;0.88
420;160;1050;650;20;20;30;30;10;0.1;5.5;0.38;10;185;2490;55.2;71.5;80.4;5.4;7.8;40.5;1.2;5;200;1.5;950;440;3000;120;23;2.61;0.79
420;160;1050;650;60;20;30;30;10;0.1;6;0.38;10;165;2430;48.5;64.2;72.1;4.8;7.1;37.8;2.1;4.7;260;1.9;1150;405;2800;112;28;2.5;0.83
450;152;1100;700;50;0;45;45;20;0;6.5;0.34;20;130;2420;43.2;56.5;64.8;4.7;6.8;35.8;1.5;4.7;240;1.9;1100;395;2700;102;25;2.6;0.84
450;152;1100;700;100;0;45;45;20;0;7;0.34;20;115;2360;38.1;51.2;58.4;4.2;6.1;32.5;2.8;4.4;310;2.4;1300;360;2450;95;33;2.42;0.88
410;175;1080;710;0;25;25;50;10;0.2;4.5;0.43;20;140;2400;34.5;46.1;53.2;4.1;5.9;32.8;1.9;4.5;270;2.1;1200;345;2350;90;21;2.65;0.87
410;175;1080;710;50;25;25;50;10;0.2;5;0.43;20;125;2350;30.2;41.4;48.1;3.6;5.3;30.1;2.9;4.3;320;2.5;1350;310;2150;85;27;2.52;0.91
370;182;1120;740;25;25;40;20;15;0.35;3.5;0.49;20;130;2380;31.2;42.5;49.2;4.6;6.6;31.5;2.4;4.4;310;2.4;1350;325;2300;88;24;2.58;0.9
370;182;1120;740;75;25;40;20;15;0.35;4;0.49;20;115;2330;26.5;37.1;43.4;4.1;5.8;28.2;3.5;4.1;380;2.9;1550;290;2050;82;29;2.45;0.93
460;150;1050;680;40;40;50;0;10;0.1;7;0.33;10;170;2470;51.8;68.2;76.5;5.1;7.4;38.8;1.2;4.9;210;1.7;1000;435;2950;115;26;2.55;0.81
460;150;1050;680;90;40;50;0;10;0.1;7.5;0.33;10;150;2410;45.2;61.4;68.2;4.6;6.6;35.1;2.5;4.6;300;2.3;1250;390;2650;108;31;2.44;0.85
330;188;1150;760;25;0;25;80;20;0.35;3.5;0.57;20;125;2350;26.4;36.1;42.2;4.1;5.9;28.2;2.9;4.3;350;2.7;1400;305;2150;82;24;2.59;0.92
330;188;1150;760;75;0;25;80;20;0.35;4;0.57;20;110;2300;21.5;31.2;36.5;3.6;5.3;25.4;4.2;4;420;3.3;1700;260;1800;72;29;2.46;0.96
420;165;1100;720;50;25;30;30;15;0.1;5.5;0.39;20;145;2410;38.5;50.1;57.2;4.3;6.2;33.1;2.1;4.5;280;2.1;1200;365;2500;98;28;2.48;0.87
420;165;1100;720;100;25;30;30;15;0.1;6;0.39;20;120;2360;32.4;43.5;50.1;3.7;5.2;30.2;3.2;4.2;360;2.7;1450;325;2250;92;32;2.39;0.91
470;145;1070;640;20;50;80;40;0;0;7.5;0.31;10;155;2460;52.4;68.5;77.5;5.1;7.5;38.5;1.1;4.9;200;1.5;950;440;3000;122;23;2.62;0.79
470;145;1070;640;60;50;80;40;0;0;8;0.31;10;135;2410;46.5;62.1;69.4;4.7;6.9;35.2;2.1;4.7;270;2;1150;405;2800;115;27;2.53;0.83
320;195;1150;780;25;100;0;100;10;0.2;3.5;0.61;20;120;2310;22.4;31.5;37.2;3.3;4.9;25.8;3.9;4.1;420;3.2;1750;285;1900;75;25;2.57;0.94
320;195;1150;780;75;100;0;100;10;0.2;4;0.61;20;105;2260;18.5;26.4;31.5;2.8;4.2;22.4;5.2;3.8;510;3.8;2100;245;1600;68;29;2.44;0.97
500;148;1000;650;40;0;70;0;10;0;8.5;0.3;10;180;2490;56.1;73.5;82.4;5.4;7.8;39.5;1.3;4.9;210;1.6;1050;470;3150;130;26;2.55;0.78
500;148;1000;650;90;0;70;10;0;0;9;0.3;10;160;2420;49.2;65.8;73.5;4.8;7.1;36.1;2.4;4.6;290;2.2;1300;420;2900;122;31;2.44;0.82
430;168;1080;720;20;20;40;40;20;0.35;5.5;0.39;20;125;2420;38.4;50.5;58.1;4.9;7.1;32.8;2.2;4.5;290;2.2;1250;380;2600;101;24;2.59;0.87
430;168;1080;720;70;20;40;40;20;0.35;6;0.39;20;105;2360;32.1;43.2;50.4;4.3;6.2;29.5;3.2;4.2;360;2.7;1450;340;2300;94;29;2.47;0.91
450;155;1100;690;25;50;50;50;15;0.1;6.5;0.34;20;140;2430;44.1;58.2;66.5;4.8;6.8;36.2;1.8;4.7;240;1.9;1100;410;2850;108;24;2.6;0.83
450;155;1100;690;75;50;50;50;15;0.1;7;0.34;20;120;2370;39.2;52.5;60.1;4.2;6.1;33.5;2.9;4.4;320;2.5;1350;375;2550;101;29;2.48;0.87
410;172;1050;710;50;0;30;40;10;0.2;4.5;0.42;20;135;2400;35.4;47.1;54.2;3.9;5.5;32.1;2.1;4.5;280;2.1;1200;355;2400;91;27;2.53;0.89
410;172;1050;710;100;0;30;40;10;0.2;5;0.42;20;115;2340;30.5;41.2;48.5;3.4;4.9;29.2;3.1;4.3;340;2.6;1400;320;2150;86;32;2.41;0.93
370;185;1120;750;0;25;25;25;10;0.1;3.5;0.5;20;150;2400;31.2;42.4;49.2;3.5;4.9;30.1;2.6;4.3;330;2.5;1400;335;2300;85;21;2.65;0.9
370;185;1120;750;50;25;25;25;10;0.1;4;0.5;20;135;2360;27.5;37.8;43.5;3.2;4.5;27.5;3.4;4.2;390;2.8;1600;310;2100;81;27;2.52;0.93
460;152;1080;680;25;40;40;40;20;0.2;7;0.33;10;170;2470;52.4;68.1;77.2;5.2;7.5;38.8;1.3;4.9;210;1.7;1000;430;2950;118;24;2.59;0.81
460;152;1080;680;80;40;40;40;20;0.2;7.5;0.33;10;150;2410;46.2;61.5;69.4;4.7;6.8;35.4;2.5;4.6;290;2.3;1250;395;2700;110;31;2.46;0.85
330;185;1150;760;25;50;0;100;10;0.35;3.5;0.56;20;120;2320;26.5;36.4;43.2;4.2;6.1;28.5;3.1;4.2;360;2.7;1450;305;2150;82;24;2.58;0.92
330;185;1150;760;75;50;0;100;10;0.35;4;0.56;20;105;2270;22.1;31.2;37.5;3.7;5.4;25.8;4.1;4;430;3.3;1750;265;1800;74;29;2.45;0.95
500;142;1000;650;25;0;80;0;0;0.1;9;0.28;10;210;2530;64.2;81.5;91.2;6.1;8.8;44.1;0.6;5.3;140;1.1;650;515;3450;138;23;2.62;0.73
500;142;1000;650;75;0;80;0;0;0.1;9.5;0.28;10;185;2450;55.4;72.1;81.2;5.2;7.8;38.8;1.9;4.8;230;1.6;1050;455;3050;124;29;2.47;0.79
420;175;1080;720;50;100;30;0;10;0.2;4.5;0.42;20;135;2340;31.2;41.5;48.2;3.7;5.4;30.5;3.2;4.2;360;2.7;1450;325;2250;82;28;2.5;0.9
420;175;1080;720;100;100;30;0;10;0.2;5;0.42;20;110;2280;25.8;35.1;41.2;3.2;4.7;26.8;4.8;3.9;460;3.5;1900;280;1800;74;33;2.32;0.94
450;165;1100;700;25;50;50;50;15;0.35;6.5;0.37;20;120;2390;36.5;48.1;55.2;4.9;7.1;32.1;2.4;4.5;300;2.2;1300;370;2500;96;24;2.58;0.88
450;165;1100;700;80;50;50;50;15;0.35;7;0.37;20;105;2330;31.2;41.5;48.5;4.3;6.2;28.8;3.5;4.1;380;2.9;1550;325;2200;88;31;2.42;0.92
380;185;825;550;50;25;0;0;0;0.1;3.5;0.49;20;130;2350;28.2;38.5;45.1;3.4;4.8;30.1;2.6;4.3;320;2.4;1300;320;2250;82;25;2.56;0.9
380;185;825;550;100;25;0;0;0;0.1;4;0.49;20;115;2300;24.1;33.2;39.1;2.9;4.2;26.5;3.6;4.1;390;2.9;1550;285;1950;75;32;2.41;0.94
430;193;0;645;100;0;0;0;10;0.2;0;0.45;20;90;2330;26.5;36.8;42.1;3.4;4.9;27.8;4.9;4;470;3.4;2050;225;1710;66;33;2.38;0.95
450;158;1050;680;25;0;45;0;20;0.1;6.5;0.35;20;130;2420;41.2;54.5;62.8;4.5;6.3;34.5;1.9;4.6;260;1.9;1100;390;2700;101;24;2.59;0.85
450;158;1050;680;75;0;45;0;20;0.1;7;0.35;20;110;2360;35.4;47.2;54.1;3.9;5.6;31.2;2.9;4.4;320;2.4;1350;345;2400;94;29;2.48;0.89
410;175;1050;710;40;20;30;30;15;0.2;5;0.43;20;140;2400;37.5;50.1;57.4;4.4;6.3;33.5;2.1;4.5;280;2.1;1200;365;2450;96;26;2.55;0.87
420;165;1100;720;50;0;30;30;15;0.1;5.5;0.39;20;145;2410;38.5;50.1;57.2;4.3;6.2;33.1;2.1;4.5;280;2.1;1200;365;2500;98;28;2.48;0.87
420;165;1100;720;100;0;30;30;15;0.1;6;0.39;20;120;2360;32.4;43.5;50.1;3.7;5.2;30.2;3.2;4.2;360;2.7;1450;325;2250;92;32;2.39;0.91
380;180;1150;770;0;50;0;0;10;0.2;3.5;0.47;20;140;2400;32.1;42.5;49.4;3.8;5.5;31.2;2.1;4.5;290;2.2;1250;335;2300;88;21;2.65;0.9
380;180;1150;770;50;50;0;0;10;0.2;4;0.47;20;125;2350;28.5;38.1;44.2;3.4;4.9;28.5;3.1;4.3;350;2.6;1450;310;2150;82;27;2.52;0.93
440;158;1050;680;30;30;40;40;20;0;6.5;0.36;10;175;2480;48.2;62.1;70.5;4.9;7.1;38.2;1.4;4.9;220;1.8;1050;420;2900;110;25;2.58;0.83
440;158;1050;680;80;30;40;40;20;0;7;0.36;10;155;2420;42.5;56.4;64.2;4.4;6.4;35.1;2.4;4.6;290;2.3;1300;385;2650;102;31;2.46;0.87
350;190;1180;750;0;100;20;20;10;0.1;3;0.54;20;140;2340;26.4;35.8;41.2;3.5;5.1;28.1;3.8;4.1;420;3.2;1750;290;1900;74;22;2.59;0.94
350;190;1180;750;100;100;20;20;10;0.1;3.5;0.54;20;120;2280;21.2;29.5;34.8;3.1;4.5;24.5;5.1;3.8;510;3.8;2150;245;1650;66;33;2.35;0.98
460;150;1080;660;0;0;60;60;15;0.35;7;0.33;10;165;2460;49.5;65.2;74.1;5.2;7.5;37.5;1.8;4.7;240;1.9;1100;420;2850;115;22;2.62;0.82
460;150;1080;660;100;0;60;60;15;0.35;7.5;0.33;10;145;2390;41.2;55.1;62.4;4.5;6.5;34.1;2.9;4.4;320;2.5;1350;385;2600;108;33;2.38;0.86
330;185;1150;780;50;0;25;25;10;0.2;3.5;0.56;20;135;2360;27.5;37.1;43.5;3.6;5.3;28.8;3.2;4.2;370;2.8;1500;305;2150;81;27;2.52;0.93
330;185;1150;780;100;0;25;25;10;0.2;4;0.56;20;120;2310;23.1;32.4;38.1;3.2;4.6;26.1;4.2;4;440;3.3;1850;270;1900;75;33;2.4;0.96
520;140;1000;640;0;0;40;0;10;0.1;9;0.27;10;215;2550;68.4;85.2;95.4;6.5;9.2;45.8;0.4;5.4;120;0.9;550;540;3600;145;20;2.69;0.7
520;140;750;640;50;0;40;0;10;0.1;9.5;0.27;10;185;2480;59.1;76.4;85.2;5.6;8.2;41.2;1.4;5;200;1.4;950;480;3200;130;26;2.56;0.76
410;172;1080;710;25;50;20;20;15;0;5.5;0.42;20;145;2380;35.4;47.2;55.1;4.2;6.1;32.5;2.6;4.4;310;2.4;1350;360;2450;96;24;2.58;0.88
410;172;1080;710;75;50;20;20;15;0;6;0.42;20;125;2330;30.1;41.1;48.2;3.7;5.4;29.1;3.8;4.1;390;2.9;1600;320;2200;88;29;2.46;0.92
450;158;1100;690;30;30;50;50;20;0.1;7;0.35;20;135;2430;42.8;55.5;63.4;4.7;6.8;35.2;2.1;4.6;260;2;1200;410;2800;105;25;2.59;0.85
450;158;1100;690;75;30;50;50;20;0.1;7.5;0.35;20;120;2370;37.5;50.1;57.2;4.2;6.1;32.4;3.2;4.4;330;2.6;1450;375;2550;98;28;2.48;0.88
390;178;1120;740;25;0;25;50;10;0.2;4.5;0.46;20;140;2390;33.1;44.2;51.4;3.9;5.5;31.2;2.4;4.4;310;2.4;1300;340;2350;90;24;2.59;0.9
390;178;1120;740;75;0;25;50;10;0.2;5;0.46;20;120;2340;28.4;38.5;45.2;3.4;4.8;28.2;3.6;4.2;380;2.9;1550;300;2100;82;29;2.46;0.93
470;148;1070;640;20;20;60;60;15;0.35;7.5;0.31;10;160;2460;51.4;67.2;76.5;5.4;7.8;38.1;1.5;4.9;230;1.8;1100;430;2950;118;23;2.61;0.8
470;148;1070;640;70;20;60;60;15;0.35;8;0.31;10;140;2400;45.2;60.5;68.4;4.9;7.1;34.8;2.6;4.6;310;2.4;1350;390;2650;110;28;2.5;0.84
340;192;1180;760;40;40;0;100;10;0.1;3.5;0.56;20;135;2340;26.1;35.2;41.4;3.5;5.1;28.1;3.4;4.2;370;2.8;1550;295;2000;80;27;2.53;0.94
340;192;1180;760;90;40;0;100;10;0.1;4;0.56;20;115;2290;21.5;29.4;35.1;3.1;4.6;24.8;4.5;3.9;460;3.5;1900;250;1700;72;31;2.42;0.97
430;165;1050;710;25;25;40;40;20;0.2;5.5;0.38;20;145;2420;41.2;54.1;62.1;4.4;6.3;34.1;1.9;4.6;260;2;1150;380;2600;102;25;2.58;0.86
430;165;1050;710;100;25;40;40;20;0.2;6;0.38;20;120;2360;34.5;46.2;53.4;3.8;5.5;30.5;3.1;4.3;340;2.5;1400;335;2300;94;32;2.41;0.9
480;145;1020;650;0;100;70;0;15;0.1;8;0.3;10;150;2430;49.2;64.5;73.5;4.9;7.1;37.1;3.2;4.4;310;2.4;1300;430;2850;115;22;2.59;0.83
480;145;1020;650;100;100;70;0;15;0.1;8.5;0.3;10;125;2360;41.5;55.1;62.8;4.2;6.2;33.5;4.5;4.1;410;3.1;1650;380;2500;108;33;2.34;0.89
320;195;1150;780;50;50;25;50;20;0.35;3.5;0.61;20;120;2300;23.5;32.4;38.2;3.5;5.1;26.4;4.1;4.1;420;3.2;1750;280;1950;76;27;2.51;0.94
320;195;1150;780;100;100;25;50;20;0.35;4;0.61;20;105;2240;18.4;26.1;31.2;3.1;4.4;22.8;5.4;3.8;530;3.9;2250;235;1600;68;33;2.3;0.98
500;148;1000;650;25;25;80;0;10;0;8.5;0.3;10;185;2500;58.2;74.5;84.1;5.5;8.1;40.8;0.9;5.2;180;1.4;850;480;3200;132;24;2.6;0.77
500;148;1000;650;80;25;80;0;10;0;9;0.3;10;165;2440;51.4;67.5;76.2;4.8;7.1;37.2;2.1;4.7;260;2;1150;430;2900;122;29;2.48;0.82
420;172;1080;720;25;0;40;40;15;0.2;5.5;0.41;20;140;2400;37.5;50.2;57.1;4.4;6.4;33.5;2.1;4.5;280;2.1;1200;365;2450;96;24;2.58;0.88
420;172;1080;720;75;0;40;40;15;0.2;6;0.41;20;120;2350;32.1;43.4;50.1;3.9;5.6;30.1;3.2;4.3;350;2.6;1450;325;2200;90;29;2.46;0.91
450;160;1100;700;40;40;30;30;10;0.1;6.5;0.36;20;140;2420;42.4;55.1;62.5;4.6;6.6;35.1;2;4.7;260;2;1150;400;2750;105;26;2.56;0.85
450;160;1100;700;90;40;30;30;10;0.1;7;0.36;20;120;2370;37.1;49.2;56.1;4.1;5.9;32.1;3.1;4.4;330;2.5;1400;360;2450;98;31;2.44;0.89
400;175;1080;730;25;25;50;0;15;0.35;4.5;0.44;20;135;2390;34.5;46.2;53.4;4.2;6.1;31.8;2.4;4.4;310;2.4;1300;345;2350;90;24;2.59;0.9
400;175;1080;730;75;25;50;0;15;0.35;5;0.44;20;115;2340;29.1;39.5;46.5;3.7;5.4;28.5;3.6;4.1;380;2.9;1550;310;2100;82;29;2.46;0.93
460;152;1080;680;25;40;40;40;15;0.2;7;0.33;10;170;2460;51.8;67.5;76.4;5.2;7.5;38.1;1.4;4.9;220;1.8;1100;430;2950;118;24;2.59;0.81
460;152;1080;680;80;40;40;40;15;0.2;7.5;0.33;10;150;2400;45.4;60.8;68.4;4.7;6.8;34.8;2.5;4.6;300;2.3;1300;390;2650;110;31;2.46;0.85
330;188;1150;760;25;25;0;100;10;0.35;3.5;0.57;20;125;2340;25.4;34.1;40.1;4.1;5.9;27.5;3.2;4.2;380;2.9;1550;290;1950;80;24;2.58;0.93
330;188;1150;760;75;25;0;100;10;0.35;4;0.57;20;105;2290;20.8;29.1;34.5;3.6;5.3;24.5;4.4;4;460;3.6;2000;245;1700;72;29;2.45;0.97
500;145;1020;640;30;0;80;0;15;0.1;8.5;0.29;10;200;2520;62.5;79.4;89.5;5.9;8.5;43.1;0.8;5.2;160;1.2;750;510;3400;135;25;2.58;0.75
500;145;1020;640;90;0;80;0;15;0.1;9;0.29;10;175;2450;54.1;71.2;80.4;5.1;7.5;38.5;2.1;4.8;250;1.8;1100;450;3000;125;32;2.42;0.81
420;178;1050;720;25;50;30;30;15;0.35;6;0.42;20;135;2390;36.5;48.1;55.1;4.9;7.1;33.1;2.6;4.4;310;2.4;1350;370;2500;98;24;2.58;0.88
420;178;1050;720;80;50;30;30;15;0.35;6.5;0.42;20;115;2330;31.2;42.4;49.2;4.3;6.2;30.1;3.8;4.1;390;2.9;1600;325;2200;90;31;2.41;0.92
450;162;1100;690;40;40;40;40;10;0.2;7;0.36;20;140;2430;43.2;56.5;64.4;4.7;6.8;35.4;2.1;4.6;260;2;1200;405;2750;105;26;2.56;0.85
450;162;1100;690;90;40;40;40;10;0.2;7.5;0.36;20;120;2370;38.1;50.8;58.2;4.2;6.1;32.5;3.2;4.3;340;2.6;1450;365;2450;98;31;2.44;0.89
380;185;825;550;25;50;0;0;15;0.35;3.5;0.49;20;130;2340;27.1;36.5;42.8;4.5;6.5;28.2;3.4;4.2;380;2.8;1550;300;2050;80;24;2.58;0.93
380;185;825;550;75;50;0;0;15;0.35;4;0.49;20;115;2290;22.4;31.2;37.5;3.9;5.8;25.4;4.5;4;450;3.3;1850;260;1800;72;29;2.45;0.96
440;165;1100;700;50;50;40;40;20;0;6;0.38;20;130;2410;41.2;53.8;61.5;4.4;6.3;34.2;2.1;4.6;270;2.1;1200;390;2650;102;27;2.54;0.86
440;165;1100;700;100;50;40;40;20;0;6.5;0.38;20;110;2350;35.4;47.1;54.2;3.9;5.6;31.1;3.2;4.3;350;2.6;1450;340;2300;94;32;2.41;0.9
370;185;1150;780;25;0;25;50;10;0.2;4;0.5;20;140;2380;30.5;40.1;47.2;3.8;5.4;30.5;2.4;4.4;320;2.5;1350;330;2250;85;21;2.65;0.91
370;185;1150;780;75;0;25;50;10;0.2;4.5;0.5;20;120;2320;24.8;33.5;39.8;3.2;4.6;26.8;3.9;4.1;410;3.2;1650;280;1900;76;29;2.48;0.95
460;155;1080;680;20;20;50;0;15;0.1;7;0.34;10;180;2480;53.2;69.4;78.5;5.4;7.8;39.1;1.2;4.9;210;1.7;1000;440;3000;120;24;2.58;0.81
460;155;1080;680;80;20;50;0;15;0.1;7.5;0.34;10;160;2420;46.5;62.1;69.4;4.8;7.1;35.8;2.4;4.7;290;2.2;1250;395;2700;112;31;2.46;0.85
420;175;1080;720;25;50;20;20;10;0;5;0.42;20;145;2390;36.1;48.4;56.2;4.2;6.1;33.1;2.4;4.5;300;2.2;1300;375;2550;100;24;2.58;0.88
420;175;1080;720;75;50;20;20;10;0;5.5;0.42;20;125;2340;31.2;42.1;49.5;3.7;5.3;29.8;3.6;4.2;380;2.8;1550;330;2250;92;29;2.46;0.91
450;152;1100;700;50;50;50;50;20;0.35;6.5;0.34;20;115;2410;39.5;52.1;59.1;5.1;7.4;32.4;2.2;4.6;280;2.1;1200;380;2600;105;25;2.56;0.86
450;152;1100;700;100;50;50;50;20;0.35;7;0.34;20;95;2350;33.1;44.2;51.4;4.5;6.5;29.1;3.4;4.3;370;2.8;1450;330;2200;95;33;2.39;0.9
430;172;1050;710;25;25;40;40;15;0.2;5.5;0.4;20;140;2410;40.5;53.1;61.2;4.4;6.4;34.5;1.9;4.6;260;2;1150;395;2700;105;25;2.58;0.85
430;172;1050;710;90;25;40;40;15;0.2;6;0.4;20;115;2360;34.2;46.5;53.8;3.8;5.5;30.8;3.2;4.3;340;2.5;1400;350;2400;98;31;2.44;0.89
480;145;1020;650;30;0;60;60;10;0.1;8;0.3;10;185;2500;54.1;71.2;80.1;5.2;7.5;40.1;1.1;5;190;1.4;900;450;3100;125;23;2.62;0.79
480;145;1020;650;80;0;60;60;10;0.1;8.5;0.3;10;165;2440;48.5;64.2;72.4;4.7;6.8;37.1;2.2;4.7;270;2;1150;405;2800;115;28;2.51;0.83
330;185;1150;770;25;25;25;25;10;0;3.5;0.56;20;140;2370;29.1;39.4;46.5;3.6;5.2;30.8;2.6;4.3;320;2.4;1300;325;2250;85;24;2.58;0.91
330;185;1150;770;75;25;25;25;10;0;4;0.56;20;125;2320;24.5;33.1;39.2;3.1;4.5;27.1;3.9;4.1;410;3.1;1650;285;1950;78;29;2.45;0.95
520;140;1000;640;20;0;40;0;10;0;9;0.27;10;215;2550;68.4;85.2;95.4;6.5;9.2;45.8;0.4;5.4;120;0.9;550;540;3600;145;21;2.67;0.7
520;140;750;640;60;0;40;0;10;0;9.5;0.27;10;185;2480;58.5;75.1;84.2;5.5;8.1;41.1;1.4;5;200;1.4;950;475;3200;132;27;2.54;0.76
410;172;1080;710;40;20;30;30;15;0.35;5;0.42;20;130;2390;37.5;50.2;57.1;4.9;7.1;33.1;2.1;4.5;290;2.2;1250;370;2500;98;24;2.58;0.87
410;172;1080;710;90;20;30;30;15;0.35;5.5;0.42;20;110;2330;32.4;43.5;50.1;4.3;6.2;29.5;3.2;4.3;370;2.8;1450;330;2200;90;29;2.46;0.91
450;158;1100;690;30;30;50;0;10;0.1;6.5;0.35;20;145;2430;44.5;58.4;66.5;4.8;6.8;36.5;1.5;4.7;240;1.9;1100;415;2850;110;25;2.58;0.83
450;158;1100;690;80;30;50;0;10;0.1;7;0.35;20;125;2370;39.1;51.8;59.1;4.2;6.1;33.2;2.6;4.5;310;2.4;1300;375;2600;102;31;2.44;0.87
400;180;1120;740;25;50;20;20;10;0.2;4;0.45;20;135;2380;31.2;42.4;49.2;3.8;5.4;30.1;2.8;4.3;340;2.6;1450;325;2250;88;24;2.58;0.91
400;180;1120;740;75;50;20;20;10;0.2;4.5;0.45;20;115;2320;26.5;37.1;43.1;3.2;4.6;26.5;4.1;4.1;420;3.3;1750;275;1900;78;29;2.45;0.95
470;148;1070;640;25;25;60;60;15;0.35;7.5;0.31;10;165;2460;52.1;68.4;77.5;5.4;7.8;38.5;1.4;4.9;220;1.8;1100;440;3000;122;23;2.61;0.8
470;148;1070;640;75;25;60;60;15;0.35;8;0.31;10;145;2400;46.2;61.2;69.1;4.9;7.1;35.1;2.5;4.7;300;2.3;1300;395;2700;115;28;2.5;0.84
340;192;1180;760;50;50;0;100;10;0.1;3.5;0.56;20;130;2330;24.8;33.5;39.5;3.4;4.9;27.2;3.6;4.2;390;2.9;1600;285;1900;78;27;2.52;0.94
340;192;1180;760;100;50;0;100;10;0.1;4;0.56;20;110;2280;20.1;28.2;34.1;3;4.5;24.1;4.8;3.9;490;3.7;2050;240;1650;70;33;2.38;0.98
430;165;1050;710;50;0;40;40;20;0.2;5.5;0.38;20;140;2410;39.4;52.1;60.1;4.2;6.1;33.5;2.1;4.5;280;2.1;1200;375;2500;100;26;2.55;0.86
430;165;1050;710;100;0;40;40;20;0.2;6;0.38;20;120;2350;33.1;44.5;51.8;3.7;5.3;30.1;3.2;4.3;350;2.7;1450;325;2250;92;32;2.41;0.9
480;145;1020;650;40;100;70;0;15;0.1;8;0.3;10;145;2410;47.2;62.1;71.2;4.8;7;35.8;3.4;4.4;330;2.5;1400;420;2750;112;24;2.57;0.84
480;145;1020;650;90;100;70;0;15;0.1;8.5;0.3;10;125;2350;41.2;54.8;62.1;4.2;6.2;33.1;4.6;4.1;420;3.2;1700;370;2450;105;31;2.42;0.89
320;195;1150;780;40;40;25;50;20;0.35;3.5;0.61;20;120;2310;23.1;32.1;37.8;3.5;5.1;26.1;4.2;4;430;3.3;1800;285;1900;75;27;2.51;0.94
320;195;1150;780;90;90;25;50;20;0.35;4;0.61;20;105;2250;18.5;26.8;31.5;3.1;4.5;22.5;5.5;3.8;550;4;2300;240;1550;68;33;2.29;0.98
500;148;1000;650;40;40;80;0;10;0;8.5;0.3;10;180;2490;56.5;73.1;82.4;5.4;7.8;39.5;1.1;5;200;1.5;1000;475;3200;130;26;2.55;0.78
500;148;1000;650;90;40;80;0;10;0;9;0.3;10;160;2430;49.8;66.4;74.1;4.8;7.1;36.2;2.2;4.7;280;2.1;1200;430;2900;122;31;2.44;0.82
420;172;1080;720;40;40;40;40;15;0.2;5.5;0.41;20;135;2410;40.1;53.2;61.4;4.4;6.4;34.8;2;4.6;260;2;1150;385;2650;105;26;2.56;0.86
420;172;1080;720;90;40;40;40;15;0.2;6;0.41;20;115;2350;34.5;46.5;53.2;3.9;5.6;31.2;3.1;4.4;340;2.6;1400;340;2350;95;31;2.43;0.9
450;160;1100;700;50;50;30;30;10;0.1;6.5;0.36;20;140;2410;41.2;53.8;61.2;4.6;6.6;34.5;2.1;4.6;270;2.1;1200;395;2700;102;27;2.54;0.86
450;160;1100;700;100;50;30;30;10;0.1;7;0.36;20;120;2350;36.1;48.2;55.1;4.1;5.9;31.2;3.2;4.4;350;2.6;1450;345;2400;95;33;2.41;0.9
400;175;1080;730;50;50;50;0;15;0.35;4.5;0.44;20;130;2370;32.4;43.1;50.1;4.1;5.9;30.8;2.6;4.4;330;2.5;1400;325;2250;88;27;2.52;0.92
400;175;1080;730;100;50;50;0;15;0.35;5;0.44;20;110;2310;27.5;37.2;43.2;3.5;5.2;27.1;3.9;4.1;420;3.2;1750;285;1900;80;33;2.39;0.96
460;152;1080;680;40;40;40;40;15;0.2;7;0.33;10;165;2450;50.5;66.1;74.8;5.1;7.4;37.5;1.5;4.9;230;1.8;1100;435;2900;118;26;2.55;0.82
460;152;1080;680;90;40;40;40;15;0.2;7.5;0.33;10;145;2390;44.2;59.1;67.2;4.6;6.6;34.2;2.6;4.6;310;2.4;1350;385;2600;110;31;2.44;0.86
330;188;1150;760;50;50;0;100;10;0.35;3.5;0.57;20;120;2320;24.1;33.1;39.1;4;5.8;27.1;3.4;4.2;400;3;1650;280;1850;78;27;2.51;0.95
330;188;1150;760;100;50;0;100;10;0.35;4;0.57;20;100;2270;19.4;27.5;33.2;3.5;5.1;23.8;4.6;3.9;510;3.9;2150;235;1600;70;33;2.36;0.98
500;145;1020;640;50;50;80;0;15;0.1;8.5;0.29;10;190;2510;61.1;78.2;88.1;5.8;8.4;42.5;1.1;5.1;180;1.4;900;490;3300;132;25;2.57;0.76
500;145;1020;640;100;50;80;0;15;0.1;9;0.29;10;165;2430;53.2;69.1;78.4;5;7.3;37.5;2.4;4.7;280;2.1;1200;430;2850;122;33;2.4;0.82
420;178;1050;720;40;40;30;30;15;0.35;6;0.42;20;130;2380;35.4;47.2;54.1;4.8;7;32.4;2.8;4.4;330;2.5;1350;365;2450;96;26;2.55;0.88
420;178;1050;720;90;40;30;30;15;0.35;6.5;0.42;20;110;2310;29.1;39.4;45.8;4.2;6.1;28.8;3.9;4.1;420;3.2;1750;310;2100;88;31;2.41;0.93
